{
	"Pattern": {
		"c_width": 1080,
		"c_height": 300,
		"regular": 10,
		"volume": 40,
		"objects": [
			"Cube",
			"Sphere",
			"Cube",
			"Sphere"
		],
		"sizeList": [ 300, 300, 300, 300 ],
		"positionList": [
			[ 250, 118, 0 ],
			[ 137, 27, 4 ],
			[ -180, -95, 8 ],
			[ 333, 54, 12 ]
		],
		"rotationList": [
			[ -0.11971850455506113, -0.25281728588291774, -0.10722222775141088 ],
			[ 0.061937874049400515, -0.10462521652388582, 0.09043480322362107 ],
			[ -0.15452376494566475, -0.17296353514250667, -0.06017193568610368 ],
			[ -0.16189735414500694, 0.0646737632325483, 0.16249982529705795 ]
		],
		"scaleList": [
			[ 0.3918599393051075, 	0.3918599393051075, 	0.3918599393051075 ],
			[ 0.713953870100879, 	0.713953870100879, 		0.713953870100879 ],
			[ 0.44221634339143484, 	0.44221634339143484, 	0.44221634339143484 ],
			[ 0.32331099287909076, 	0.32331099287909076, 	0.32331099287909076 ]
		],
		"colorsDeci": [
			[0.17, 0.8, 0.76, 1],
			[0.22, 0.51, 0.48, 1],
			[0.22, 0.24, 0.27, 1],
			[0.96, 0.38, 0.58, 1]
		],
		"colorsPickList": [	2, 0, 1, 3, 2, 1, 2, 2, 1, 2 ]
	}
}